n;hilos;run;tiempo_paralelo_seg;speedup;eficiencia
2000;16;1;0.441751;8.578776;0.536174
2000;16;2;0.410031;8.715008;0.544688
2000;16;3;0.394342;8.812192;0.550762
2000;16;4;0.394016;8.609297;0.538081
2000;16;5;0.397720;8.543905;0.533994
2000;16;6;0.412231;8.422971;0.526436
2000;16;7;0.420014;8.497033;0.531065
2000;16;8;0.405830;8.251631;0.515727
2000;16;9;0.406607;8.497147;0.531072
2000;16;10;0.410884;8.464286;0.529018

PROMEDIO;;;0.409342;;
