n;hilos;run;tiempo_paralelo_seg;speedup;eficiencia
2000;12;1;12.418765;1.870887;0.155907
2000;12;2;12.569426;1.857085;0.154757
2000;12;3;12.226187;1.890596;0.157550
2000;12;4;12.750859;1.834928;0.152911
2000;12;5;12.686581;1.821145;0.151762
2000;12;6;12.413768;1.909841;0.159153
2000;12;7;12.284388;1.889920;0.157493
2000;12;8;12.481604;1.857823;0.154819
2000;12;9;12.489875;1.880116;0.156676
2000;12;10;12.140058;1.906711;0.158893

PROMEDIO;;;12.446200;;
